{
  "selected_model": {
    "val_accuracy": 0.5232558139534884,
    "macro_f1": 0.3709556379046364
  },
  "last_epoch": {
    "epoch": 40,
    "train_loss": 1.3109603235887928,
    "val_loss": 1.3628395795822144,
    "val_accuracy": 0.5232558139534884,
    "macro_f1": 0.2945168855697603
  },
  "per_class": {
    "background": {
      "precision": 0.6343612334801763,
      "recall": 0.6605504587155964,
      "f1": 0.647191011235955
    },
    "carry": {
      "precision": 0.15,
      "recall": 0.20930232558139536,
      "f1": 0.17475728155339806
    },
    "pass": {
      "precision": 0.5583333333333333,
      "recall": 0.43506493506493504,
      "f1": 0.48905109489051096
    },
    "turnover": {
      "precision": 0.2222222222222222,
      "recall": 0.3076923076923077,
      "f1": 0.2580645161290323
    },
    "shot": {
      "precision": 0.2,
      "recall": 0.5,
      "f1": 0.28571428571428575
    }
  }
}