{
  "final": {
    "epoch": 20,
    "train_loss": 1.1291897062645402,
    "val_loss": 1.2612338132636491,
    "val_accuracy": 0.6,
    "macro_f1": 0.3075644129182383
  },
  "per_class": {
    "background": {
      "precision": 0.7789473684210526,
      "recall": 0.6548672566371682,
      "f1": 0.7115384615384616
    },
    "carry": {
      "precision": 0.3333333333333333,
      "recall": 0.23529411764705882,
      "f1": 0.27586206896551724
    },
    "pass": {
      "precision": 0.5462962962962963,
      "recall": 0.7662337662337663,
      "f1": 0.6378378378378378
    },
    "turnover": {
      "precision": 0.0,
      "recall": 0.0,
      "f1": 0.0
    },
    "shot": {
      "precision": 0.0,
      "recall": 0.0,
      "f1": 0.0
    }
  }
}